timestamp,high,low,open,close
1407196800,0,0,0,0
1407283200,0,0,0,0
1407369600,0,0,0,0
1407456000,0,0,0,0
1407542400,0,0,0,0
1407628800,0,0,0,0
1407715200,0,0,0,0
1407801600,0,0,0,0
1407888000,0,0,0,0
1407974400,0,0,0,0
1408060800,0,0,0,0
1408147200,0,0,0,0
1408233600,0,0,0,0
1408320000,0,0,0,0
1408406400,0,0,0,0
1408492800,0,0,0,0
1408579200,0,0,0,0
1408665600,0,0,0,0
1408752000,0,0,0,0
1408838400,0,0,0,0
1408924800,0,0,0,0
1409011200,0,0,0,0
1409097600,0,0,0,0
1409184000,0,0,0,0
1409270400,0,0,0,0
1409356800,0,0,0,0
1409443200,0,0,0,0
1409529600,0,0,0,0
1409616000,0,0,0,0
1409702400,0,0,0,0
1409788800,0,0,0,0
1409875200,0,0,0,0
1409961600,0,0,0,0
1410048000,0,0,0,0
1410134400,0,0,0,0
1410220800,0,0,0,0
1410307200,0,0,0,0
1410393600,0,0,0,0
1410480000,0,0,0,0
1410566400,0,0,0,0
1410652800,0,0,0,0
1410739200,0,0,0,0
1410825600,0,0,0,0
1410912000,0,0,0,0
1410998400,0,0,0,0
1411084800,0,0,0,0
1411171200,0,0,0,0
1411257600,0,0,0,0
1411344000,0,0,0,0
1411430400,0,0,0,0
1411516800,0,0,0,0
1411603200,0,0,0,0
1411689600,0,0,0,0
1411776000,0,0,0,0
1411862400,0,0,0,0
1411948800,0,0,0,0
1412035200,0,0,0,0
1412121600,0,0,0,0
1412208000,0,0,0,0
1412294400,0,0,0,0
1412380800,0,0,0,0
1412467200,0,0,0,0
1412553600,0,0,0,0
1412640000,0,0,0,0
1412726400,0,0,0,0
1412812800,0,0,0,0
1412899200,0,0,0,0
1412985600,0,0,0,0
1413072000,0,0,0,0
1413158400,0,0,0,0
1413244800,0,0,0,0
1413331200,0,0,0,0
1413417600,0,0,0,0
1413504000,0,0,0,0
1413590400,0,0,0,0
1413676800,0,0,0,0
1413763200,0,0,0,0
1413849600,0,0,0,0
1413936000,0,0,0,0
1414022400,0,0,0,0
1414108800,0,0,0,0
1414195200,0,0,0,0
1414281600,0,0,0,0
1414368000,0,0,0,0
1414454400,0,0,0,0
1414540800,0,0,0,0
1414627200,0,0,0,0
1414713600,0,0,0,0
1414800000,0,0,0,0
1414886400,0,0,0,0
1414972800,0,0,0,0
1415059200,0,0,0,0
1415145600,0,0,0,0
1415232000,0,0,0,0
1415318400,0,0,0,0
1415404800,0,0,0,0
1415491200,0,0,0,0
1415577600,0,0,0,0
1415664000,0,0,0,0
1415750400,0,0,0,0
1415836800,0,0,0,0
1415923200,0,0,0,0
1416009600,0,0,0,0
1416096000,0,0,0,0
1416182400,0,0,0,0
1416268800,0,0,0,0
1416355200,0,0,0,0
1416441600,0,0,0,0
1416528000,0,0,0,0
1416614400,0,0,0,0
1416700800,0,0,0,0
1416787200,0,0,0,0
1416873600,0,0,0,0
1416960000,0,0,0,0
1417046400,0,0,0,0
1417132800,0,0,0,0
1417219200,0,0,0,0
1417305600,0,0,0,0
1417392000,0,0,0,0
1417478400,0,0,0,0
1417564800,0,0,0,0
1417651200,0,0,0,0
1417737600,0,0,0,0
1417824000,0,0,0,0
1417910400,0,0,0,0
1417996800,0,0,0,0
1418083200,0,0,0,0
1418169600,0,0,0,0
1418256000,0,0,0,0
1418342400,0,0,0,0
1418428800,0,0,0,0
1418515200,0,0,0,0
1418601600,0,0,0,0
1418688000,0,0,0,0
1418774400,0,0,0,0
1418860800,0,0,0,0
1418947200,0,0,0,0
1419033600,0,0,0,0
1419120000,0,0,0,0
1419206400,0,0,0,0
1419292800,0,0,0,0
1419379200,0,0,0,0
1419465600,0,0,0,0
1419552000,0,0,0,0
1419638400,0,0,0,0
1419724800,0,0,0,0
1419811200,0,0,0,0
1419897600,0,0,0,0
1419984000,0,0,0,0
1420070400,0,0,0,0
1420156800,0,0,0,0
1420243200,0,0,0,0
1420329600,0,0,0,0
1420416000,0,0,0,0
1420502400,0,0,0,0
1420588800,0,0,0,0
1420675200,0,0,0,0
1420761600,0,0,0,0
1420848000,0,0,0,0
1420934400,0,0,0,0
1421020800,0,0,0,0
1421107200,0,0,0,0
1421193600,0,0,0,0
1421280000,0,0,0,0
1421366400,0,0,0,0
1421452800,0,0,0,0
1421539200,0,0,0,0
1421625600,0,0,0,0
1421712000,0,0,0,0
1421798400,0,0,0,0
1421884800,0,0,0,0
1421971200,0,0,0,0
1422057600,0,0,0,0
1422144000,0,0,0,0
1422230400,0.3174,0.2692,0.2949,0.3149
1422316800,0.3278,0.2896,0.3149,0.3217
1422403200,0.2957,0.2756,0.3217,0.2954
1422489600,0.3187,0.2955,0.3117,0.3159
1422576000,0.3223,0.2928,0.3159,0.3019
1422662400,0.2928,0.2793,0.3019,0.288
1422748800,0.3059,0.2886,0.288,0.303
1422835200,0.3213,0.2936,0.303,0.301
1422921600,0.2956,0.2772,0.301,0.2956
1423008000,0.2973,0.2712,0.2956,0.2912
1423094400,0.2834,0.2678,0.2912,0.2713
1423180800,0.2814,0.2635,0.2713,0.2684
1423267200,0.2851,0.2687,0.2684,0.2764
1423353600,0.2787,0.2592,0.2764,0.263
1423440000,0.2626,0.2499,0.263,0.2565
1423526400,0.2564,0.2357,0.2565,0.2434
1423612800,0.251,0.23,0.2434,0.2315
1423699200,0.2617,0.2307,0.2315,0.2466
1423785600,0.2673,0.2534,0.2466,0.2572
1423872000,0.2855,0.2749,0.2572,0.2804
1423958400,0.2641,0.2424,0.2804,0.2615
1424044800,0.263,0.25,0.2615,0.2516
1424131200,0.2644,0.2507,0.2516,0.2534
1424217600,0.2458,0.2277,0.2534,0.2394
1424304000,0.3005,0.2538,0.2394,0.2833
1424390400,0.3118,0.277,0.2833,0.3088
1424476800,0.3109,0.2952,0.3088,0.3048
1424563200,0.309,0.2647,0.3048,0.3081
1424649600,0.3589,0.3045,0.3081,0.3401
1424736000,0.3987,0.334,0.3401,0.35
1424822400,0.3766,0.3192,0.35,0.3702
1424908800,0.382,0.3408,0.3702,0.3607
1424995200,0.4053,0.3673,0.3607,0.3754
1425081600,0.4449,0.3808,0.3754,0.4187
1425168000,0.4359,0.414,0.4187,0.4264
1425254400,0.4566,0.3972,0.4264,0.4284
1425340800,0.4406,0.4069,0.4284,0.4184
1425427200,0.4152,0.3812,0.4184,0.4141
1425513600,0.4734,0.4128,0.4141,0.472
1425600000,0.5236,0.4522,0.472,0.4857
1425686400,0.5039,0.4618,0.4857,0.4618
1425772800,0.5141,0.4529,0.4618,0.4944
1425859200,0.6833,0.4913,0.4944,0.6247
1425945600,0.8243,0.5769,0.6247,0.7917
1426032000,0.8336,0.6527,0.7917,0.7118
1426118400,0.7135,0.6523,0.7118,0.7038
1426204800,0.6893,0.6261,0.7038,0.6385
1426291200,0.7254,0.5852,0.6385,0.6637
1426377600,0.8079,0.6635,0.6637,0.6834
1426464000,0.8628,0.6897,0.6834,0.8126
1426550400,0.813,0.7371,0.8126,0.7431
1426636800,0.6802,0.627,0.7431,0.6275
1426723200,0.6868,0.6236,0.6275,0.6868
1426809600,0.689,0.6149,0.6868,0.6408
1426896000,0.7438,0.6311,0.6408,0.7404
1426982400,0.8417,0.7496,0.7404,0.7912
1427068800,0.7844,0.7321,0.7912,0.7475
1427155200,0.7535,0.6731,0.7475,0.6997
1427241600,0.7766,0.6859,0.6997,0.7702
1427328000,0.7818,0.7289,0.7702,0.7384
1427414400,0.8096,0.7298,0.7384,0.7977
1427500800,0.8554,0.782,0.7977,0.8034
1427587200,0.7909,0.6945,0.8034,0.6945
1427673600,0.981,0.7061,0.6945,0.9025
1427760000,1.048,0.8301,0.9025,0.9012
1427846400,1.061,0.9047,0.9012,0.9968
1427932800,1.049,0.9371,0.9968,0.9786
1428019200,1.02,0.8726,0.9786,0.8907
1428105600,0.986,0.7106,0.8907,0.853
1428192000,0.9347,0.74,0.853,0.8823
1428278400,0.8944,0.7639,0.8823,0.7919
1428364800,0.8194,0.7111,0.7919,0.785
1428451200,0.8137,0.7193,0.785,0.7508
1428537600,0.7599,0.7049,0.7508,0.7543
1428624000,0.8556,0.7079,0.7543,0.8028
1428710400,0.8527,0.7813,0.8028,0.8348
1428796800,0.8389,0.7915,0.8348,0.7981
1428883200,0.758,0.6605,0.7981,0.688
1428969600,0.6854,0.6335,0.688,0.6527
1429056000,0.7037,0.6555,0.6527,0.6838
1429142400,0.699,0.6486,0.6838,0.6817
1429228800,0.668,0.6297,0.6817,0.6609
1429315200,0.7239,0.6383,0.6609,0.6877
1429401600,0.6983,0.6628,0.6877,0.6673
1429488000,0.6833,0.649,0.6673,0.6797
1429574400,0.7091,0.596,0.6797,0.6374
1429660800,0.6373,0.576,0.6374,0.584
1429747200,0.6191,0.5603,0.584,0.6118
1429833600,0.6008,0.5673,0.6118,0.5726
1429920000,0.5814,0.5088,0.5726,0.5599
1430006400,0.5686,0.5314,0.5599,0.5548
1430092800,0.5802,0.5534,0.5548,0.5651
1430179200,0.5643,0.4512,0.5651,0.4597
1430265600,0.5031,0.4484,0.4597,0.4957
1430352000,0.5286,0.4805,0.4957,0.501
1430438400,0.5247,0.4862,0.501,0.5012
1430524800,0.5112,0.4874,0.5012,0.4982
1430611200,0.5165,0.4927,0.4982,0.4975
1430697600,0.4992,0.4681,0.4975,0.472
1430784000,0.4778,0.4455,0.472,0.4601
1430870400,0.4706,0.4352,0.4601,0.4621
1430956800,0.4876,0.4693,0.4621,0.4781
1431043200,0.4972,0.4853,0.4781,0.4872
1431129600,0.5492,0.4753,0.4872,0.5168
1431216000,0.5745,0.497,0.5168,0.5723
1431302400,0.577,0.4952,0.5723,0.5136
1431388800,0.5114,0.4696,0.5136,0.4783
1431475200,0.5077,0.4612,0.4783,0.4843
1431561600,0.5198,0.4764,0.4843,0.4963
1431648000,0.5745,0.4931,0.4963,0.5363
1431734400,0.6244,0.5308,0.5363,0.609
1431820800,0.6241,0.5447,0.609,0.5593
1431907200,0.5907,0.5174,0.5593,0.5407
1431993600,0.5471,0.4917,0.5407,0.5155
1432080000,0.5552,0.4908,0.5155,0.5199
1432166400,0.5397,0.3994,0.5199,0.4595
1432252800,0.4822,0.4226,0.4595,0.4622
1432339200,0.4893,0.4545,0.4622,0.4721
1432425600,0.488,0.473,0.4721,0.482
1432512000,0.4793,0.462,0.482,0.4665
1432598400,0.4709,0.4312,0.4665,0.4445
1432684800,0.4487,0.4157,0.4445,0.4247
1432771200,0.4552,0.421,0.4247,0.4428
1432857600,0.4755,0.4383,0.4428,0.4418
1432944000,0.4503,0.4294,0.4418,0.4455
1433030400,0.4937,0.4362,0.4455,0.4535
1433116800,0.463,0.4316,0.4535,0.4548
1433203200,0.4657,0.4368,0.4548,0.4612
1433289600,0.4663,0.4512,0.4612,0.4537
1433376000,0.4816,0.4489,0.4537,0.4812
1433462400,0.506,0.4745,0.4812,0.497
1433548800,0.5335,0.4938,0.497,0.5248
1433635200,0.5305,0.4939,0.5248,0.5205
1433721600,0.5531,0.5115,0.5205,0.5408
1433808000,0.5482,0.4233,0.5408,0.5002
1433894400,0.4983,0.4713,0.5002,0.4811
1433980800,0.4922,0.4586,0.4811,0.4609
1434067200,0.4955,0.4561,0.4609,0.4768
1434153600,0.494,0.4643,0.4768,0.488
1434240000,0.5,0.4745,0.488,0.4979
1434326400,0.5155,0.4953,0.4979,0.5091
1434412800,0.5369,0.4976,0.5091,0.5039
1434499200,0.5309,0.4834,0.5039,0.5
1434585600,0.5091,0.4899,0.5,0.5016
1434672000,0.5378,0.4851,0.5016,0.511
1434758400,0.5588,0.5098,0.511,0.5385
1434844800,0.5463,0.5192,0.5385,0.5268
1434931200,0.5432,0.5249,0.5268,0.5402
1435017600,0.5353,0.5146,0.5402,0.5258
1435104000,0.5247,0.4984,0.5258,0.5078
1435190400,0.5179,0.498,0.5078,0.504
1435276800,0.5049,0.4774,0.504,0.4827
1435363200,0.5065,0.4854,0.4827,0.4974
1435449600,0.5,0.4385,0.4974,0.4701
1435536000,0.5127,0.4551,0.4701,0.4911
1435622400,0.5074,0.4865,0.4911,0.4968
1435708800,0.4995,0.4828,0.4968,0.4995
1435795200,0.5019,0.4634,0.4995,0.4927
1435881600,0.5011,0.4819,0.4927,0.4911
1435968000,0.5086,0.495,0.4911,0.5065
1436054400,0.5295,0.5146,0.5065,0.5192
1436140800,0.5174,0.4905,0.5192,0.5053
1436227200,0.5125,0.493,0.5053,0.5117
1436313600,0.5185,0.4948,0.5117,0.5091
1436400000,0.5165,0.4775,0.5091,0.4976
1436486400,0.5406,0.5099,0.4976,0.5207
1436572800,0.5431,0.5255,0.5207,0.5331
1436659200,0.6504,0.5619,0.5331,0.6293
1436745600,0.5938,0.556,0.6293,0.5679
1436832000,0.5802,0.5518,0.5679,0.5739
1436918400,0.5657,0.532,0.5739,0.5325
1437004800,0.536,0.5122,0.5325,0.5355
1437091200,0.5419,0.5173,0.5355,0.5352
1437177600,0.5371,0.5155,0.5352,0.5237
1437264000,0.5425,0.5158,0.5237,0.5412
1437350400,0.554,0.5306,0.5412,0.5445
1437436800,0.595,0.5364,0.5445,0.595
1437523200,0.598,0.5463,0.595,0.5687
1437609600,0.5896,0.551,0.5687,0.5731
1437696000,0.6067,0.5687,0.5731,0.5753
1437782400,0.5885,0.5576,0.5753,0.5659
1437868800,0.6028,0.5608,0.5659,0.5795
1437955200,0.6153,0.5805,0.5795,0.5974
1438041600,0.6168,0.5874,0.5974,0.6065
1438128000,0.6056,0.5776,0.6065,0.5883
1438214400,0.5858,0.5686,0.5883,0.5821
1438300800,0.5777,0.5612,0.5821,0.5737
1438387200,0.6039,0.5525,0.5737,0.5828
1438473600,0.6218,0.5683,0.5828,0.6187
1438560000,0.6254,0.5922,0.6187,0.5961
1438646400,0.622,0.5885,0.5961,0.6198
1438732800,0.6226,0.5978,0.6198,0.6198
1438819200,0.7506,0.6066,0.6198,0.7348
1438905600,0.7525,0.6675,0.7348,0.7275
1438992000,0.6969,0.6382,0.7275,0.6721
1439078400,0.7032,0.6206,0.6721,0.6808
1439164800,0.7017,0.6506,0.6808,0.6519
1439251200,0.689,0.5959,0.6519,0.6032
1439337600,0.6531,0.5811,0.6032,0.6274
1439424000,0.6399,0.5566,0.6274,0.5788
1439510400,0.612,0.5441,0.5788,0.6069
1439596800,0.6508,0.5757,0.6069,0.6112
1439683200,0.6683,0.5988,0.6112,0.6122
1439769600,0.6212,0.5778,0.6122,0.6084
1439856000,0.5993,0.5462,0.6084,0.5719
1439942400,0.5397,0.4965,0.5719,0.5343
1440028800,0.6216,0.5402,0.5343,0.5963
1440115200,0.6047,0.5624,0.5963,0.5673
1440201600,0.5697,0.5394,0.5673,0.5495
1440288000,0.5558,0.5081,0.5495,0.5424
1440374400,0.5246,0.4152,0.5424,0.4364
1440460800,0.4957,0.4415,0.4364,0.4882
1440547200,0.5285,0.4693,0.4882,0.4952
1440633600,0.4902,0.4533,0.4952,0.4573
1440720000,0.4841,0.4598,0.4573,0.4758
1440806400,0.481,0.4515,0.4758,0.4751
1440892800,0.4751,0.4559,0.4751,0.46
1440979200,0.483,0.4589,0.46,0.4674
1441065600,0.4657,0.4544,0.4674,0.4571
1441152000,0.4733,0.4575,0.4571,0.4705
1441238400,0.475,0.4567,0.4705,0.4569
1441324800,0.4789,0.4607,0.4569,0.4681
1441411200,0.4835,0.4741,0.4681,0.479
1441497600,0.5054,0.4891,0.479,0.5035
1441584000,0.5053,0.4923,0.5035,0.4962
1441670400,0.5213,0.4996,0.4962,0.5169
1441756800,0.5271,0.4857,0.5169,0.5045
1441843200,0.5238,0.4921,0.5045,0.4971
1441929600,0.511,0.487,0.4971,0.4976
1442016000,0.4962,0.4599,0.4976,0.4672
1442102400,0.4786,0.4503,0.4672,0.4601
1442188800,0.5104,0.4506,0.4601,0.4828
1442275200,0.5153,0.4731,0.4828,0.5027
1442361600,0.5125,0.481,0.5027,0.5111
1442448000,0.5285,0.4724,0.5111,0.5013
1442534400,0.513,0.4774,0.5013,0.4965
1442620800,0.5071,0.4902,0.4965,0.4948
1442707200,0.5084,0.476,0.4948,0.4897
1442793600,0.4891,0.4699,0.4897,0.4853
1442880000,0.4936,0.4598,0.4853,0.4757
1442966400,0.4759,0.4483,0.4757,0.4651
1443052800,0.4741,0.4584,0.4651,0.4675
1443139200,0.4839,0.4348,0.4675,0.4522
1443225600,0.4709,0.436,0.4522,0.4524
1443312000,0.4497,0.4336,0.4524,0.4387
1443398400,0.4562,0.4445,0.4387,0.4491
1443484800,0.4493,0.4261,0.4491,0.4372
1443571200,0.4358,0.3098,0.4372,0.3949
1443657600,0.4302,0.3911,0.3949,0.4056
1443744000,0.4258,0.3913,0.4056,0.4097
1443830400,0.4175,0.4049,0.4097,0.4104
1443916800,0.4102,0.399,0.4104,0.4018
1444003200,0.4299,0.3842,0.4018,0.4193
1444089600,0.4327,0.4044,0.4193,0.4098
1444176000,0.4172,0.3914,0.4098,0.3931
1444262400,0.4109,0.3872,0.3931,0.3908
1444348800,0.4054,0.3795,0.3908,0.3966
1444435200,0.4011,0.3854,0.3966,0.3901
1444521600,0.4106,0.3789,0.3901,0.3821
1444608000,0.4043,0.3778,0.3821,0.3984
1444694400,0.404,0.3819,0.3984,0.3883
1444780800,0.4012,0.3891,0.3883,0.3936
1444867200,0.3997,0.3819,0.3936,0.3936
1444953600,0.419,0.3822,0.3936,0.4114
1445040000,0.4313,0.4146,0.4114,0.4222
1445126400,0.4171,0.4027,0.4222,0.4087
1445212800,0.4126,0.3839,0.4087,0.386
1445299200,0.4143,0.3803,0.386,0.4014
1445385600,0.3983,0.374,0.4014,0.3948
1445472000,0.4064,0.3869,0.3948,0.4045
1445558400,0.4093,0.3905,0.4045,0.3935
1445644800,0.4021,0.3837,0.3935,0.3967
1445731200,0.4168,0.384,0.3967,0.4139
1445817600,0.4123,0.3804,0.4139,0.3847
1445904000,0.4146,0.3931,0.3847,0.4057
1445990400,0.4474,0.4061,0.4057,0.4307
1446076800,0.4824,0.4259,0.4307,0.4457
1446163200,0.4796,0.3808,0.4457,0.4462
1446249600,0.4407,0.3931,0.4462,0.3975
1446336000,0.4431,0.4105,0.3975,0.4153
1446422400,0.4778,0.4311,0.4153,0.4351
1446508800,0.4924,0.4235,0.4351,0.4334
1446595200,0.4867,0.4105,0.4334,0.4791
1446681600,0.4776,0.4229,0.4791,0.4229
1446768000,0.4545,0.4086,0.4229,0.433
1446854400,0.4767,0.444,0.433,0.4502
1446940800,0.557,0.4292,0.4502,0.5016
1447027200,0.5217,0.4639,0.5016,0.4681
1447113600,0.4774,0.4145,0.4681,0.4599
1447200000,0.4601,0.4111,0.4599,0.443
1447286400,0.4854,0.409,0.443,0.437
1447372800,0.477,0.4266,0.437,0.4509
1447459200,0.4588,0.4187,0.4509,0.4187
1447545600,0.434,0.4006,0.4187,0.4219
1447632000,0.4524,0.4263,0.4219,0.4349
1447718400,0.4421,0.4231,0.4349,0.4231
1447804800,0.435,0.4098,0.4231,0.4196
1447891200,0.4208,0.3877,0.4196,0.4059
1447977600,0.4011,0.3796,0.4059,0.3886
1448064000,0.4124,0.3702,0.3886,0.3909
1448150400,0.3919,0.3757,0.3909,0.3899
1448236800,0.3898,0.3743,0.3899,0.3862
1448323200,0.3944,0.3709,0.3862,0.3874
1448409600,0.4055,0.3708,0.3874,0.3871
1448496000,0.4305,0.3877,0.3871,0.4015
1448582400,0.4239,0.3797,0.4015,0.3854
1448668800,0.3939,0.3765,0.3854,0.3896
1448755200,0.4224,0.3916,0.3896,0.4031
1448841600,0.4377,0.3787,0.4031,0.3942
1448928000,0.4059,0.3618,0.3942,0.3781
1449014400,0.3949,0.365,0.3781,0.3708
1449100800,0.3927,0.3621,0.3708,0.3639
1449187200,0.3906,0.3642,0.3639,0.3689
1449273600,0.4563,0.3909,0.3689,0.4362
1449360000,0.4768,0.4249,0.4362,0.4426
1449446400,0.4574,0.4081,0.4426,0.4207
1449532800,0.4616,0.3987,0.4207,0.4337
1449619200,0.4622,0.4185,0.4337,0.4497
1449705600,0.4529,0.4052,0.4497,0.4371
1449792000,0.4858,0.4369,0.4371,0.4561
1449878400,0.4535,0.4323,0.4561,0.4535
1449964800,0.4769,0.4403,0.4535,0.4582
1450051200,0.5596,0.4641,0.4582,0.5401
1450137600,0.5658,0.526,0.5401,0.5455
1450224000,0.5439,0.513,0.5455,0.5166
1450310400,0.5339,0.492,0.5166,0.4979
1450396800,0.5234,0.491,0.4979,0.4961
1450483200,0.4944,0.4663,0.4961,0.4847
1450569600,0.5257,0.4488,0.4847,0.5111
1450656000,0.5216,0.4485,0.5111,0.4993
1450742400,0.5083,0.4545,0.4993,0.4781
1450828800,0.4977,0.4623,0.4781,0.4743
1450915200,0.4933,0.462,0.4743,0.4788
1451001600,0.4945,0.4786,0.4788,0.4858
1451088000,0.4573,0.4395,0.4858,0.4474
1451174400,0.4824,0.4469,0.4474,0.4469
1451260800,0.4639,0.445,0.4469,0.45
1451347200,0.4622,0.4518,0.45,0.4565
1451433600,0.4703,0.437,0.4565,0.4404
1451520000,0.4686,0.442,0.4404,0.4519
1451606400,0.5642,0.4553,0.4519,0.503
1451692800,0.569,0.491,0.503,0.5257
1451779200,0.5379,0.4871,0.5257,0.4944
1451865600,0.5239,0.4901,0.4944,0.5027
1451952000,0.5282,0.4916,0.5027,0.5023
1452038400,0.5209,0.4903,0.5023,0.5097
1452124800,0.5402,0.4799,0.5097,0.4909
1452211200,0.5036,0.4805,0.4909,0.4973
1452297600,0.5115,0.4757,0.4973,0.4931
1452384000,0.5296,0.4765,0.4931,0.4886
1452470400,0.5037,0.4786,0.4886,0.4858
1452556800,0.51,0.4682,0.4858,0.5016
1452643200,0.4931,0.4568,0.5016,0.4853
1452729600,0.4969,0.4647,0.4853,0.4901
1452816000,0.44,0.4073,0.4901,0.4367
1452902400,0.5002,0.4459,0.4367,0.4963
1452988800,0.5098,0.4253,0.4963,0.4307
1453075200,0.5186,0.4275,0.4307,0.4963
1453161600,0.5483,0.4812,0.4963,0.5278
1453248000,0.5991,0.5211,0.5278,0.5294
1453334400,0.5743,0.5062,0.5294,0.5579
1453420800,0.5468,0.4913,0.5579,0.5384
1453507200,0.6517,0.5013,0.5384,0.6319
1453593600,0.6716,0.5839,0.6319,0.6233
1453680000,0.6127,0.5581,0.6233,0.584
1453766400,0.6427,0.5586,0.584,0.5858
1453852800,0.634,0.5649,0.5858,0.6071
1453939200,0.6067,0.56,0.6071,0.5627
1454025600,0.5735,0.4822,0.5627,0.5149
1454112000,0.5255,0.4843,0.5149,0.5077
1454198400,0.5152,0.4845,0.5077,0.4845
1454284800,0.5077,0.4794,0.4845,0.4961
1454371200,0.5052,0.4861,0.4961,0.4954
1454457600,0.495,0.4788,0.4954,0.4946
1454544000,0.5274,0.5086,0.4946,0.509
1454630400,0.5163,0.4792,0.509,0.4927
1454716800,0.4942,0.4708,0.4927,0.4919
1454803200,0.5057,0.4732,0.4919,0.4788
1454889600,0.4956,0.4725,0.4788,0.4807
1454976000,0.4879,0.4639,0.4807,0.4684
1455062400,0.4892,0.4583,0.4684,0.4773
1455148800,0.5999,0.4724,0.4773,0.5532
1455235200,0.626,0.5131,0.5532,0.598
1455321600,0.9121,0.5972,0.598,0.7755
1455408000,0.8633,0.6841,0.7755,0.8515
1455494400,0.8723,0.736,0.8515,0.7769
1455580800,1,0.7783,0.7769,0.9441
1455667200,0.9828,0.6925,0.9441,0.725
1455753600,0.7943,0.6911,0.725,0.7771
1455840000,0.8635,0.7316,0.7771,0.8446
1455926400,0.9329,0.8097,0.8446,0.8273
1456012800,0.8306,0.7229,0.8273,0.7711
1456099200,0.8318,0.7491,0.7711,0.7841
1456185600,0.7604,0.7222,0.7841,0.7512
1456272000,0.7989,0.7486,0.7512,0.7939
1456358400,0.8927,0.7724,0.7939,0.8025
1456444800,0.8414,0.7914,0.8025,0.8119
1456531200,0.86,0.8087,0.8119,0.8199
1456617600,0.8866,0.813,0.8199,0.8693
1456704000,0.8938,0.8336,0.8693,0.8659
1456790400,0.8841,0.8082,0.8659,0.8464
1456876800,0.8507,0.792,0.8464,0.8269
1456963200,1.152,0.8144,0.8269,1.076
1457049600,1.219,0.9938,1.076,1.171
1457136000,1.392,1.022,1.171,1.189
1457222400,1.258,1.037,1.189,1.248
1457308800,1.283,0.9675,1.248,1.031
1457395200,1.19,0.9972,1.031,1.163
1457481600,1.328,0.9671,1.163,1.22
1457568000,1.322,1.003,1.22,1.075
1457654400,1.148,1.048,1.075,1.101
1457740800,1.212,1.026,1.101,1.15
1457827200,1.266,1.102,1.15,1.229
1457913600,1.272,1.107,1.229,1.122
1458000000,1.179,1.084,1.122,1.147
1458086400,1.197,1.122,1.147,1.146
1458172800,1.351,1.04,1.146,1.351
1458259200,1.32,1.084,1.351,1.144
1458345600,1.287,1.119,1.144,1.216
1458432000,1.541,1.193,1.216,1.499
1458518400,1.562,1.36,1.499,1.459
1458604800,1.532,1.336,1.459,1.356
1458691200,1.459,1.334,1.356,1.45
1458777600,1.728,1.384,1.45,1.649
1458864000,1.754,1.571,1.649,1.605
1458950400,1.729,1.568,1.605,1.685
1459036800,1.75,1.363,1.685,1.523
1459123200,1.561,1.397,1.523,1.482
1459209600,1.532,1.441,1.482,1.481
1459296000,1.505,1.382,1.481,1.442
1459382400,1.454,1.385,1.442,1.405
1459468800,1.481,1.397,1.405,1.444
1459555200,1.566,1.446,1.444,1.561
1459641600,1.587,1.468,1.561,1.546
1459728000,1.595,1.487,1.546,1.588
1459814400,1.599,1.435,1.588,1.499
1459900800,1.567,1.446,1.499,1.495
1459987200,1.56,1.475,1.495,1.52
1460073600,1.519,1.349,1.52,1.416
1460160000,1.418,1.124,1.416,1.164
1460246400,1.183,0.872,1.164,1.086
1460332800,1.131,0.9739,1.086,1.007
1460419200,1.033,0.8499,1.007,0.9259
1460505600,1.076,0.9147,0.9259,1.026
1460592000,1.064,0.9702,1.026,1.006
1460678400,1.031,0.9435,1.006,0.9795
1460764800,1.002,0.9444,0.9795,0.9771
1460851200,1.096,0.9595,0.9771,1.019
1460937600,1.121,1.003,1.019,1.093
1461024000,1.173,1.102,1.111,1.126
1461110400,1.145,0.9931,1.126,1.05
1461196800,1.087,0.9445,1.05,0.9742
1461283200,1.007,0.9493,0.9742,0.9867
1461369600,1.057,0.9812,0.9867,1.032
1461456000,1.074,0.9966,1.032,1.024
1461542400,1.056,0.9373,1.024,0.9572
1461628800,1.003,0.8211,0.9572,0.8877
1461715200,0.9727,0.8252,0.8877,0.9517
1461801600,0.9777,0.8911,0.9517,0.9064
1461888000,0.95,0.8731,0.9064,0.8899
1461974400,0.9648,0.8706,0.8899,0.9213
1462060800,0.9474,0.8905,0.9213,0.9171
1462147200,1.01,0.8795,0.9171,0.9696
1462233600,0.9847,0.9077,0.9696,0.9298
1462320000,0.9536,0.8974,0.9298,0.9179
1462406400,0.9266,0.8814,0.9179,0.9092
1462492800,0.9435,0.8617,0.9092,0.8736
1462579200,0.8958,0.8298,0.8736,0.8812
1462665600,0.897,0.8347,0.8812,0.8448
1462752000,0.8748,0.8058,0.8448,0.8334
1462838400,0.8718,0.7904,0.8334,0.8232
1462924800,0.8688,0.8226,0.8232,0.8598
1463011200,0.9039,0.8502,0.8598,0.8616
1463097600,0.883,0.8307,0.8616,0.8475
1463184000,0.8604,0.8225,0.8475,0.8394
1463270400,0.8626,0.8063,0.8394,0.8315
1463356800,0.8474,0.8006,0.8315,0.8233
1463443200,0.8539,0.7687,0.8233,0.8127
1463529600,0.8816,0.7913,0.8127,0.8467
1463616000,0.8703,0.799,0.8467,0.8583
1463702400,0.9947,0.8577,0.8583,0.9519
1463788800,1.004,0.9321,0.9519,0.9769
1463875200,1.002,0.914,0.9769,0.9311
1463961600,0.9633,0.8998,0.9311,0.9087
1464048000,0.9962,0.9016,0.9087,0.9016
1464134400,0.9351,0.8654,0.9016,0.8699
1464220800,0.927,0.8431,0.8699,0.8617
1464307200,0.9054,0.8177,0.8617,0.8595
1464393600,0.9682,0.8922,0.8595,0.8959
1464480000,0.95,0.836,0.8959,0.8819
1464566400,0.9315,0.8729,0.8819,0.8921
1464652800,0.9796,0.8759,0.8921,0.9261
1464739200,0.9614,0.8663,0.9261,0.9125
1464825600,0.9442,0.9088,0.9125,0.9297
1464912000,1.009,0.9367,0.9297,0.9407
1464998400,1.001,0.9454,0.9407,0.9803
1465084800,1.012,0.9578,0.9803,0.9986
1465171200,1.048,0.9863,0.9986,1.001
1465257600,0.9935,0.9514,1.001,0.9819
1465344000,1.029,0.9793,0.9819,0.9892
1465430400,1.229,0.9793,0.9892,1.113
1465516800,1.19,1.083,1.113,1.148
1465603200,1.197,1.124,1.148,1.146
1465689600,1.294,1.174,1.146,1.259
1465776000,1.394,1.245,1.259,1.274
1465862400,1.411,1.235,1.274,1.371
1465948800,1.523,1.351,1.371,1.458
1466035200,1.621,1.463,1.458,1.526
1466121600,1.785,1.484,1.526,1.748
1466208000,2.374,1.753,1.748,2.034
1466294400,2.098,1.809,2.034,1.855
1466380800,1.905,1.662,1.855,1.762
1466467200,1.762,1.536,1.762,1.607
1466553600,1.579,1.412,1.607,1.499
1466640000,1.635,1.492,1.499,1.54
1466726400,1.7,1.505,1.54,1.556
1466812800,1.599,1.473,1.556,1.533
1466899200,1.522,1.443,1.533,1.471
1466985600,1.54,1.38,1.471,1.45
1467072000,1.495,1.419,1.45,1.456
1467158400,1.648,1.437,1.456,1.542
1467244800,1.687,1.519,1.542,1.583
1467331200,1.693,1.578,1.583,1.669
1467417600,1.808,1.689,1.669,1.728
1467504000,1.826,1.638,1.728,1.697
1467590400,1.814,1.674,1.697,1.69
1467676800,1.726,1.619,1.69,1.71
1467763200,1.974,1.723,1.71,1.972
1467849600,2.091,1.763,1.972,1.885
1467936000,2.059,1.887,1.885,1.953
1468022400,2.001,1.863,1.953,1.95
1468108800,1.945,1.854,1.95,1.902
1468195200,2.018,1.885,1.902,1.976
1468281600,2.15,1.947,1.976,1.992
1468368000,1.988,1.906,1.992,1.95
1468454400,2.026,1.922,1.95,2
1468540800,2.046,1.933,2,2.003
1468627200,2.016,1.974,2.003,1.983
1468713600,2.043,1.945,1.983,1.974
1468800000,1.998,1.917,1.974,1.942
1468886400,1.954,1.838,1.942,1.909
1468972800,1.91,1.668,1.909,1.76
1469059200,1.814,1.695,1.76,1.721
1469145600,1.849,1.683,1.721,1.844
1469232000,1.914,1.806,1.844,1.894
1469318400,1.948,1.833,1.894,1.873
1469404800,1.87,1.816,1.873,1.855
1469491200,1.858,1.71,1.855,1.8
1469577600,1.956,1.767,1.8,1.901
1469664000,1.945,1.821,1.901,1.853
1469750400,1.946,1.825,1.853,1.903
1469836800,1.931,1.866,1.903,1.927
1469923200,1.851,1.761,1.927,1.806
1470009600,1.791,1.686,1.806,1.7
1470096000,1.488,1.346,1.7,1.404
1470182400,1.679,1.488,1.404,1.573
1470268800,1.902,1.595,1.573,1.854
1470355200,1.862,1.77,1.854,1.798
1470441600,2.007,1.782,1.798,1.888
1470528000,2.041,1.802,1.888,1.867
1470614400,1.986,1.844,1.867,1.9
1470700800,2.04,1.868,1.9,2.029
1470787200,2.068,1.92,2.029,2.004
1470873600,2.026,1.876,2.004,1.973
1470960000,1.988,1.884,1.973,1.937
1471046400,2.016,1.92,1.937,1.981
1471132800,2.098,1.833,1.981,1.986
1471219200,2.5,1.967,1.967,2.174
1471305600,2.321,2.118,2.184,2.208
1471392000,2.284,2.106,2.208,2.284
1471478400,2.288,2.122,2.284,2.195
1471564800,2.338,2.172,2.195,2.332
1471651200,2.587,2.29,2.332,2.464
1471737600,2.594,2.381,2.464,2.548
1471824000,5.512,2.526,2.548,4.289
1471910400,5.415,3.793,4.289,4.755
1471996800,5.095,4.289,4.755,4.492
1472083200,4.505,3.671,4.492,4.138
1472169600,4.693,4.056,4.138,4.187
1472256000,5.11,4.113,4.187,4.899
1472342400,9.861,4.939,4.899,9.315
1472428800,10.77,7.528,9.315,8.613
1472515200,9.179,7.852,8.613,8.498
1472601600,8.861,7.208,8.498,8.436
1472688000,8.82,7.722,8.436,8.122
1472774400,10.64,7.847,8.122,9.935
1472860800,15.87,10.24,9.935,10.84
1472947200,13.96,9.997,10.84,13.78
1473033600,14.29,12.48,13.78,13.63
1473120000,14.47,11.94,13.63,12.43
1473206400,12.96,11.04,12.43,11.76
1473292800,13.11,11.39,11.76,12.61
1473379200,13.67,11.84,12.61,12.36
1473465600,12.62,11.93,12.36,12.26
1473552000,12.07,10.11,12.26,10.84
1473638400,11.07,9.849,10.84,10.09
1473724800,11.54,9.811,10.09,10.58
1473811200,11.01,10.27,10.58,10.4
1473897600,10.52,9.426,10.4,9.608
1473984000,9.907,8.752,9.608,8.977
1474070400,9.914,8.803,8.977,9.628
1474156800,9.893,9.234,9.628,9.46
1474243200,10.7,9.026,9.46,10.55
1474329600,11.73,10.24,10.55,11.09
1474416000,11.17,9.74,11.09,9.847
1474502400,10.66,9.733,9.847,10.13
1474588800,11.06,10.06,10.13,10.73
1474675200,11,10.62,10.73,10.77
1474761600,10.75,10.2,10.77,10.26
1474848000,10.47,8.983,10.26,9.292
1474934400,9.615,9.082,9.292,9.294
1475020800,9.499,9.131,9.294,9.366
1475107200,9.451,8.284,9.366,8.514
1475193600,8.782,7.973,8.514,8.417
1475280000,8.52,7.085,8.417,7.318
1475366400,8.55,7.133,7.318,8.397
1475452800,8.562,7.706,8.397,7.853
1475539200,8.117,7.448,7.853,7.496
1475625600,7.795,6.056,7.496,6.546
1475712000,7.393,6.293,6.546,7.203
1475798400,7.75,6.493,7.203,6.789
1475884800,7.165,6.603,6.789,6.874
1475971200,7.537,6.817,6.874,7.537
1476057600,7.716,6.753,7.537,6.864
1476144000,7.903,6.629,6.864,7.34
1476230400,7.619,7.066,7.34,7.308
1476316800,7.309,6.744,7.308,6.96
1476403200,7.145,6.826,6.96,6.928
1476489600,6.925,6.377,6.928,6.53
1476576000,6.702,6.12,6.53,6.42
1476662400,6.437,5.665,6.42,6.267
1476748800,6.887,6.034,6.267,6.677
1476835200,7.14,6.36,6.677,6.637
1476921600,7.232,6.44,6.637,6.503
1477008000,6.992,6.399,6.503,6.752
1477094400,7.079,6.228,6.752,6.463
1477180800,6.661,6.387,6.463,6.489
1477267200,6.57,6.351,6.489,6.382
1477353600,6.405,5.599,6.382,6.061
1477440000,6.341,5.827,6.061,6.071
1477526400,6.414,5.916,6.071,6.236
1477612800,6.351,5.559,6.236,5.699
1477699200,6.055,4.147,5.699,4.995
1477785600,5.702,4.72,4.995,5.485
1477872000,5.659,4.766,5.485,5.113
1477958400,5.334,4.362,5.113,4.648
1478044800,5.059,4.474,4.648,4.502
1478131200,5.137,4.041,4.502,4.957
1478217600,5.252,4.664,4.957,4.817
1478304000,5.012,4.8,4.817,4.974
1478390400,5.111,4.854,4.974,4.989
1478476800,5.864,4.852,5.144,5.69
1478563200,6.714,5.622,5.69,6.456
1478649600,6.696,5.474,6.55,5.921
1478736000,6.424,5.827,5.921,6.035
1478822400,7.07,5.861,6.035,6.985
1478908800,7.67,6.514,6.985,7.465
1478995200,8.283,7.034,7.465,7.132
1479081600,8.243,6.976,7.132,7.644
1479168000,7.971,7.079,7.644,7.275
1479254400,7.803,6.026,7.275,6.626
1479340800,6.933,6.121,6.626,6.737
1479427200,7.246,6.462,6.737,6.718
1479513600,6.844,6.357,6.718,6.534
1479600000,6.922,6.208,6.534,6.593
1479686400,6.847,6.517,6.593,6.773
1479772800,8.393,6.87,6.773,7.538
1479859200,8.226,7.41,7.538,7.855
1479945600,8.36,7.508,7.855,7.721
1480032000,7.841,7.334,7.721,7.53
1480118400,7.855,7.322,7.53,7.554
1480204800,8.089,7.498,7.554,8.016
1480291200,8.14,7.736,8.016,7.905
1480377600,7.97,7.399,7.905,7.611
1480464000,9.496,7.055,7.611,8.999
1480550400,9.287,8.354,8.999,8.595
1480636800,8.835,7.856,8.595,8.056
1480723200,8.46,7.948,8.056,8.193
1480809600,8.423,7.741,8.193,7.878
1480896000,8.071,7.543,7.878,7.807
1480982400,7.984,7.075,7.807,7.499
1481068800,7.847,7.328,7.499,7.763
1481155200,8.115,7.663,7.763,7.777
1481241600,8.052,7.774,7.777,7.959
1481328000,8.042,7.587,7.959,7.755
1481414400,8.094,7.669,7.755,7.894
1481500800,8.096,7.8,7.894,7.94
1481587200,8.107,7.889,7.94,8.076
1481673600,8.58,7.998,8.076,8.378
1481760000,8.535,8.147,8.378,8.419
1481846400,8.571,8.368,8.419,8.485
1481932800,8.564,8.187,8.485,8.313
1482019200,8.908,8.261,8.313,8.608
1482105600,8.775,8.301,8.608,8.585
1482192000,8.862,8.327,8.585,8.359
1482278400,8.856,8.127,8.359,8.416
1482364800,9.487,8.316,8.416,8.86
1482451200,9.997,9.19,8.86,9.502
1482537600,9.668,9.223,9.502,9.579
1482624000,9.998,9.534,9.579,9.659
1482710400,10.23,9.595,9.659,10.17
1482796800,12.96,10.37,10.17,12.36
1482883200,14.78,12.45,12.36,13.97
1482969600,14.13,12.33,13.97,13.01
1483056000,13.29,12.29,13.01,12.93
1483142400,13.91,12.73,12.93,13.83
1483228800,14.32,13.2,13.83,13.51
1483315200,16.47,13.77,13.51,16.01
1483401600,17.19,14.59,16.01,15.65
1483488000,18.5,17.08,15.65,18.35
1483574400,16.3,15.37,18.35,15.84
1483660800,14.98,13.25,15.84,13.87
1483747200,13.97,12.13,13.87,12.78
1483833600,13.6,12.85,12.78,13.29
1483920000,13.71,12.61,13.29,13.48
1484006400,13.94,13.12,13.48,13.35
1484092800,11.78,11.34,13.35,11.6
1484179200,12.11,11.71,11.6,11.91
1484265600,12.42,11.01,11.91,11.17
1484352000,11.69,10.8,11.17,11.15
1484438400,11.18,9.87,11.15,10.7
1484524800,10.96,10.2,10.7,10.51
1484611200,12.43,11.27,10.51,12.3
1484697600,12.17,11.66,12.3,11.93
1484784000,12.26,11.77,11.93,12.14
1484870400,12.14,11.62,12.14,11.76
1484956800,12.32,11.73,11.76,12.02
1485043200,12.17,11.79,12.02,12.12
1485129600,12.32,11.81,12.12,12.23
1485216000,12.03,11.65,12.23,11.77
1485302400,11.88,11.55,11.77,11.73
1485388800,12.17,11.81,11.73,11.93
1485475200,12.23,11.56,11.93,12.23
1485561600,13.07,12.02,12.23,12.92
1485648000,13.17,12.43,12.92,12.58
1485734400,13,12.54,12.58,12.69
1485820800,13.53,12.91,12.69,13.02
1485907200,13.41,13.03,13.02,13.16
1485993600,13.55,13.05,13.16,13.05
1486080000,13.17,11.9,13.05,12.65
1486166400,13.22,12.48,12.65,12.48
1486252800,12.88,12.28,12.48,12.7
1486339200,12.86,12.46,12.7,12.73
1486425600,13.14,12.4,12.73,12.45
1486512000,12.88,12.49,12.45,12.74
1486598400,12.45,11.49,12.74,11.95
1486684800,12.57,11.98,11.95,12.05
1486771200,12.41,12.13,12.05,12.29
1486857600,12.48,12.05,12.29,12.27
1486944000,12.35,12.12,12.27,12.22
1487030400,13.4,12.28,12.22,12.99
1487116800,13.89,12.86,12.99,13.61
1487203200,14,12.82,13.61,13.16
1487289600,13.57,13.11,13.16,13.4
1487376000,13.55,13.02,13.4,13.35
1487462400,13.33,12.92,13.35,13.01
1487548800,13.39,11.55,13.01,12.05
1487635200,12.76,12.1,12.05,12.37
1487721600,12.85,12.19,12.37,12.81
1487808000,13.55,12.97,12.81,13.11
1487894400,13.3,11.74,13.02,12.1
1487980800,12.33,11.14,11.89,11.92
1488067200,12.3,11.8,11.92,11.95
1488153600,12.3,11.9,11.95,12.07
1488240000,12.42,11.41,12.07,12.39
1488326400,13.51,12.11,12.39,12.29
1488412800,13.89,12.24,12.29,13.16
1488499200,14.76,13.06,13.16,13.98
1488585600,14.15,13.55,13.98,13.72
1488672000,15.51,13.78,13.72,15.31
1488758400,15.83,14.75,15.31,15.45
1488844800,14.94,13.46,15.45,13.62
1488931200,13.05,12.26,13.62,12.46
1489017600,13.46,12.76,12.46,13.08
1489104000,13.89,11.02,13.08,13.18
1489190400,14.85,13.14,13.18,14.76
1489276800,17.78,15.02,14.76,16.85
1489363200,19.65,16.9,16.85,18.19
1489449600,18.68,17.02,18.19,17.78
1489536000,19.92,17.35,17.78,19.08
1489622400,22.94,17.37,19.08,22.33
1489708800,25.17,16.9,22.33,21.92
1489795200,21.03,17.62,21.92,20.05
1489881600,25.27,20.51,20.05,23.1
1489968000,24.72,22.11,23.1,22.53
1490054400,24.3,20.73,22.53,21.39
1490140800,22,19.84,21.39,21.37
1490227200,22.56,20.33,21.37,21.83
1490313600,22.13,19.53,21.83,21.13
1490400000,22.57,19.68,21.13,20.06
1490486400,20.62,18.76,20.06,19.58
1490572800,21.35,17.45,19.58,19.39
1490659200,20.51,17.49,19.39,19.66
1490745600,21.28,19.15,19.66,21.04
1490832000,21.38,19.77,21.04,19.83
1490918400,21.43,19.45,19.83,20.15
1491004800,21.21,18.82,20.15,20.84
1491091200,21.43,19.39,20.84,19.58
1491177600,21.22,19.52,19.58,20.15
1491264000,21.02,19.44,20.15,20.43
1491350400,20.69,19.11,20.43,19.72
1491436800,20.77,18.4,19.72,19.38
1491523200,20.54,19.04,19.38,19.61
1491609600,21.66,19.03,19.61,20.9
1491696000,21.85,19.9,20.9,20.96
1491782400,22.83,20.72,20.96,22.01
1491868800,22.39,21.33,22.01,21.52
1491955200,22.53,21.28,21.52,21.89
1492041600,22.21,21.07,21.89,21.57
1492128000,22.07,19.39,21.57,20.67
1492214400,21.07,20.35,20.67,20.77
1492300800,20.84,19.99,20.77,20.28
1492387200,21.27,20.19,20.28,20.44
1492473600,21.05,20.3,20.44,20.87
1492560000,21.1,20.2,20.87,20.42
1492646400,21.41,19.96,20.42,20.03
1492732800,20.64,19.78,20.03,20.52
1492819200,20.72,20.03,20.52,20.13
1492905600,20.45,20,20.13,20.17
1492992000,20.35,19.23,20.17,19.56
1493078400,20.22,19.27,19.56,19.65
1493164800,20.07,19.13,19.65,19.43
1493251200,22.11,19.74,19.43,21.39
1493337600,22.8,21.07,21.39,22.56
1493424000,23.57,22.22,22.56,23
1493510400,24.9,23.21,23,23.83
1493596800,25.03,21.7,23.83,22.72
1493683200,23.7,21.7,22.72,22.95
1493769600,25.49,22.92,22.95,25.08
1493856000,26.15,24.59,25.08,25.8
1493942400,29.27,25.04,25.8,27.74
1494028800,29.69,27.29,27.74,28.43
1494115200,34.57,28.29,28.43,32.39
1494201600,35.2,24.7,32.39,29.53
1494288000,31.3,25.26,29.53,27.67
1494374400,30.93,27.77,27.67,29.68
1494460800,31.2,28.42,29.68,29.38
1494547200,28.92,27.15,29.38,28.47
1494633600,30.2,27.97,28.47,28.22
1494720000,28.75,27.81,28.22,28.2
1494806400,28.37,26.85,28.2,27.43
1494892800,27.86,25.68,27.43,26.1
1494979200,27.94,25.45,26.1,26.77
1495065600,31.86,27.9,26.77,30.15
1495152000,32.31,30.96,30.15,31.82
1495238400,37.66,31.91,31.82,34.89
1495324800,36,33.71,34.89,34.79
1495411200,39.9,32.84,34.79,36.43
1495497600,57.45,38.82,36.43,56.2
1495584000,61.21,42.5,56.2,45.26
1495670400,45.08,37.56,45.26,40.21
1495756800,41.8,37.49,40.21,39.22
1495843200,37.76,31.01,39.22,33.91
1495929600,38.57,35.46,33.91,37.41
1496016000,44.31,38.57,37.41,41.4
1496102400,44.88,39.77,41.4,40.04
1496188800,43.46,40.47,40.04,42.31
1496275200,47.72,43.74,42.31,44.1
1496361600,46.31,44.37,44.1,44.39
1496448000,46.05,41.52,44.39,42.51
1496534400,43.69,41.6,42.51,43.01
1496620800,49.1,45.58,43.01,48.72
1496707200,56.03,48.54,48.72,55.72
1496793600,59.46,51.08,55.72,52.78
1496880000,57.85,54.58,52.78,56.03
1496966400,56.82,54.77,56.03,55.55
1497052800,57.69,52.61,55.55,52.73
1497139200,58.96,53.73,52.73,58.96
1497225600,53.53,48.65,58.96,50.61
1497312000,52.82,50.95,50.61,52.12
1497398400,48.14,46.51,52.12,46.66
1497484800,46.94,44.48,46.66,46.58
1497571200,48.82,47.39,46.58,48.59
1497657600,54.64,51.35,48.59,53.05
1497744000,51.98,49.93,53.05,50.41
1497830400,52.89,50.27,50.41,51.05
1497916800,55.72,51.53,51.05,52.31
1498003200,51.62,47.88,52.31,49.29
1498089600,51.35,50.13,49.29,50.78
1498176000,52.15,50.03,50.78,51.58
1498262400,49.55,47.97,51.58,48.2
1498348800,47.4,45.7,48.2,45.88
1498435200,45.99,41.36,45.88,43.86
1498521600,46.74,43.15,43.86,44.54
1498608000,47.71,43.92,44.54,47.66
1498694400,48.07,45.44,47.66,45.62
1498780800,45.3,43.83,45.62,44.23
1498867200,43.26,40.61,44.23,41.44
1498953600,44.13,42.76,41.44,43.42
1499040000,44.76,43.42,43.42,44.04
1499126400,46.41,44.68,44.04,45.86
1499212800,48.43,45.88,45.86,46.46
1499299200,50.64,46.04,46.46,50.48
1499385600,49.4,44.4,50.48,44.5
1499472000,46.58,43.53,44.5,46.48
1499558400,46.74,44.23,46.48,44.93
1499644800,42.24,39.61,44.93,39.92
1499731200,40.14,35.35,39.92,37.21
1499817600,40.95,37.78,37.21,40.76
1499904000,40.35,37.75,40.76,38.53
1499990400,36.55,35.32,38.53,35.79
1500076800,32,31.07,35.79,31.92
1500163200,32.63,28.22,32.15,29.36
1500249600,35.89,33.93,29.3,35.09
1500336000,37.19,35.24,35.09,36.96
1500422400,36.57,35.15,36.96,35.33
1500508800,45.28,40.41,35.33,41.04
1500595200,40.66,38.28,41.04,40.37
1500681600,44.99,41.19,40.37,44.79
1500768000,44.96,41.58,44.86,42.63
1500854400,46.01,42.53,42.73,45.68
1500940800,46.26,37.88,46.06,40.66
1501027200,47.96,40.18,41.11,46.68
1501113600,46.66,43.73,45.77,45.14
1501200000,47.86,42.97,45.9,44.12
1501286400,44.39,42.02,43.67,43.97
1501372800,44.87,39.84,44.06,39.95
1501459200,43.28,39.96,39.95,40.14
1501545600,45.13,38.21,40.14,44.56
1501632000,44.81,43.04,44.56,43.8
1501718400,45.61,43.44,43.8,43.7
1501804800,45.62,43.72,43.7,45.51
1501891200,50.02,45.11,45.12,48.6
1501977600,49.45,46.86,48.78,47.9
1502064000,50.86,47.49,47.9,50.59
1502150400,52.98,49.55,50.59,52.13
1502236800,52.68,50.37,52.13,51.27
1502323200,52.62,49.33,51.27,49.4
1502409600,53.1,50.58,49.4,50.72
1502496000,54.94,46.61,50.72,49.32
1502582400,52.12,45.3,49.32,47.69
1502668800,53.02,46.57,47.69,49.9
1502755200,49.77,45.78,49.9,48.86
1502841600,52.82,48.52,48.86,48.79
1502928000,48.61,46.81,48.79,47.37
1503014400,49.43,45.2,47.37,46.76
1503100800,58.56,47.11,46.76,55.7
1503187200,55.71,51.16,55.7,54.66
1503273600,101.97,52.87,54.66,77.82
1503360000,101.63,76.03,77.82,91.08
1503446400,100.79,85.39,91.08,90.28
1503532800,97.47,80.54,90.28,85.81
1503619200,109.24,84.76,85.81,108.32
1503705600,151.33,104.24,108.32,138.1
1503792000,139.15,124.38,138.1,130.72
1503878400,158.53,130.44,130.72,145.32
1503964800,152.22,127.99,145.32,133.14
1504051200,137.77,121.91,133.14,133.73
1504137600,146.74,135.95,133.73,141.2
1504224000,151.44,136.06,141.02,142.84
1504310400,133.14,123.54,143.18,124.5
1504396800,129.52,111.8,123.15,126.18
1504483200,126.7,100.09,126.18,105.29
1504569600,122.27,94.81,105.29,118.9
1504656000,124.74,114.73,118.9,122.74
1504742400,124.51,116.88,122.74,122.18
1504828800,135.19,110.75,122.18,117.33
1504915200,119.13,112.35,117.33,116.1
1505001600,117.22,103.12,116.1,112.58
1505088000,115.93,109.26,112.58,112.18
1505174400,116.24,108.79,112.18,111.86
1505260800,111.08,99.43,111.67,110.46
1505347200,119.57,85.53,110.21,86.2
1505433600,104.96,68.44,86.2,100.01
1505520000,104.88,92.15,100.01,96.4
1505606400,97.26,88.88,96.4,93.72
1505692800,103.52,93.71,93.72,101.74
1505779200,102.5,94.12,101.74,98.28
1505865600,98.81,93.02,98.28,95.6
1505952000,96.29,84.71,95.6,85.8
1506038400,89.6,84.03,85.8,87.81
1506124800,92.56,86.77,87.81,91.88
1506211200,91.92,87.53,91.88,89.53
1506297600,94.74,88.76,89.53,94.1
1506384000,95.5,91.81,94.1,93.62
1506470400,104.72,93.46,93.62,102.39
1506556800,102.52,96.58,102.39,98.03
1506643200,98.97,91.2,98.03,94.74
1506729600,99.73,95.02,94.76,96.2
1506816000,97.4,93.26,96.2,93.48
1506902400,98.81,90.45,93.48,91.59
1506988800,94.74,87.13,91.39,92.99
1507075200,93.62,88.51,92.99,90.24
1507161600,92.45,87.78,90.24,91.88
1507248000,93.43,90.54,92.05,90.89
1507334400,92.41,89.25,91.05,91.61
1507420800,95.79,89.7,91.38,89.97
1507507200,93.73,82.41,89.97,85.23
1507593600,87.69,83.07,85.23,86.55
1507680000,89.15,86.74,86.55,87.37
1507766400,99.53,86.98,87.37,86.98
1507852800,96.87,85.3,86.91,94.82
1507939200,103.31,93.55,94.82,99.99
1508025600,101.07,91.59,99.99,94.92
1508112000,98.52,93.01,94.92,95.81
1508198400,97.75,90.75,95.72,90.86
1508284800,91.21,85.77,91.12,89.22
1508371200,93.17,87.99,89.45,88.27
1508457600,98.17,89.48,88.27,90.14
1508544000,90.4,86.16,90.25,88.04
1508630400,88.85,85.11,88.04,86.51
1508716800,86.74,81.71,86.38,85.17
1508803200,91.92,82.75,85.21,88.03
1508889600,94.92,85.02,87.94,87.08
1508976000,91.73,86.78,87.33,88.31
1509062400,88.14,84.16,88.37,86.64
1509148800,87.04,84.87,86.58,85.9
1509235200,90.73,85.67,85.73,88.59
1509321600,91.01,87.7,88.16,88.56
1509408000,93.41,87.29,88.56,87.35
1509494400,92.98,84.83,87.32,85.44
1509580800,89.36,78.26,85.3,83.1
1509667200,89.19,81.96,83.1,87.47
1509753600,91.53,85.71,87.34,87.04
1509840000,87.94,84.31,87.04,86.31
1509926400,101.17,85.83,86.15,101
1510012800,103.9,93.35,101.05,98.45
1510099200,115.89,98.09,98.45,112.88
1510185600,123.14,111.09,112.88,119.84
1510272000,121.2,100.01,120.03,104.48
1510358400,127.24,101.45,104.48,118.84
1510444800,136.74,108.34,118.84,122.96
1510531200,146.17,118.9,122.97,123.08
1510617600,125.15,114.99,123.14,121.85
1510704000,134.52,118.57,121.85,120.68
1510790400,138.7,117.02,120.75,120
1510876800,126.43,115.5,120,126.36
1510963200,135.7,125.27,126.59,130.56
1511049600,138.41,126.51,130.57,129.25
1511136000,141.81,131.75,129.49,136.12
1511222400,142.15,133.73,136.14,141.99
1511308800,172.96,138.91,141.82,165.73
1511395200,173.62,154.95,165.79,157.78
1511481600,163.69,153.93,157.54,158.52
1511568000,170.33,158.31,158.44,167.76
1511654400,179.01,159.62,167.48,163.35
1511740800,172.28,162.06,163.07,172.28
1511827200,196.66,170.64,171.8,196.36
1511913600,207.8,151.84,196.39,167.71
1512000000,189.52,151.78,167.7,175.18
1512086400,194.75,185.84,175.07,188.99
1512172800,201.67,185.08,189.1,200.79
1512259200,206.9,183.84,199.79,196.33
1512345600,208.77,199.58,197,208.77
1512432000,248.04,208.14,208.77,247.93
1512518400,321.33,249.69,248.04,256.15
1512604800,330.94,255.28,256.16,260
1512691200,287.25,233.65,260.44,264.63
1512777600,281.73,241.95,264.96,257.38
1512864000,256.35,215.5,256.32,238.23
1512950400,276.92,258.85,240.82,276.59
1513036800,319.47,282.23,276.6,307.34
1513123200,322.97,281.92,307.17,303.59
1513209600,338.25,303.67,303.42,323.59
1513296000,345.94,289.42,323.43,310.73
1513382400,360.02,315.72,310.54,323.84
1513468800,356.91,319.16,324.25,346.61
1513555200,373.56,337.9,346.61,373.19
1513641600,368.35,340.31,373.16,359.94
1513728000,473.94,326.77,359.72,466.86
1513814400,446.92,393.46,467,419.25
1513900800,421.02,195.93,417.08,318.79
1513987200,367.97,341.63,328.92,352.28
1514073600,350.82,326.27,352.29,336.06
1514160000,343.9,334.08,336.06,339.34
1514246400,388.08,345.86,339.25,358.62
1514332800,384.65,350.27,358.63,375.09
1514419200,360.69,333.62,375.08,354.35
1514505600,359.96,343.98,354.35,353.48
1514592000,313.16,297.37,353.61,307.65
1514678400,343.63,329.22,307.67,331.72
1514764800,343.52,319.85,331.86,339.75
1514851200,397.92,341.85,339.48,365.31
1514937600,393.77,363,365.31,386.8
1515024000,397.72,369.03,386.49,371.91
1515110400,416.75,349.95,371.76,356.39
1515196800,405.27,353.41,356.56,393.76
1515283200,413.66,371.62,393.81,402.95
1515369600,405.7,365.87,403.11,401.96
1515456000,427.25,379.8,401.66,410.33
1515542400,435.35,403.87,410.32,406.56
1515628800,378.35,351.2,406.58,353.73
1515715200,394.75,364.44,353.86,391.01
1515801600,444.67,398.81,391.01,418.18
1515888000,457.3,391.7,418.21,396.2
1515974400,444.27,391.37,395.79,415.23
1516060800,359.8,285.9,415.31,316.25
1516147200,327.31,237.83,313.11,319.17
1516233600,329.34,308.11,320.93,311.8
1516320000,370.66,320.07,311.91,364.66
1516406400,411.39,377.89,364.9,384.29
1516492800,354.58,340.84,384.27,347.77
1516579200,325.84,307.67,347.77,314.38
1516665600,316.52,301.21,314.38,308.92
1516752000,330.76,320.24,308.79,320.93
1516838400,316.95,310.47,321.02,316.72
1516924800,327.24,309.03,316.72,323.47
1517011200,335.77,322.25,323.47,322.93
1517097600,337.03,324.44,322.95,332.09
1517184000,320.39,311.97,332.09,314.78
1517270400,285.33,269.56,314.79,274.92
1517356800,284.31,271.42,274.92,273.47
1517443200,250.47,237.71,273.36,240.9
1517529600,245.37,211.66,240.99,236.41
1517616000,257,242.2,236.46,253.85
1517702400,228.87,216.46,253.76,219.42
1517788800,221.9,166.4,219.53,180.08
1517875200,210.94,188.14,179.72,210.09
1517961600,231.65,190.33,210.13,206.51
1518048000,248.73,224.61,206.85,247.74
1518134400,264.99,251.77,247.7,258.3
1518220800,258.54,247.65,258.38,247.82
1518307200,234.78,223.54,247.65,228.47
1518393600,256.82,246.4,228.55,247.47
1518480000,237.54,230.54,247.46,232.93
1518566400,277.36,257.82,232.76,274.61
1518652800,298.6,276.13,274.7,296.3
1518739200,301.18,286.2,296.3,293.94
1518825600,338.58,318.82,293.94,321.6
1518912000,322.43,287.41,320.48,294.95
1518998400,324.06,314.11,294.62,315
1519084800,317.54,297.28,315,298.41
1519171200,311.31,274.1,298.53,307.43
1519257600,317.31,273.58,308.19,274.82
1519344000,295.45,263.46,274.83,279.2
1519430400,273.12,261.76,278.91,267.98
1519516800,280.71,263.16,268.33,278.51
1519603200,296.67,267.15,278.51,291.16
1519689600,307.14,293.37,291.21,298.67
1519776000,291.74,281.82,298.88,284.4
1519862400,314,299.25,284.4,313.02
1519948800,351.57,308.2,313.43,343.31
1520035200,373.77,342.15,343.31,349.91
1520121600,370.79,348.58,350.38,368.14
1520208000,375.37,353.75,368.13,368.62
1520294400,370.32,338.81,370.32,344.26
1520380800,363.13,317.46,344.26,336.95
1520467200,336.96,274.03,336.95,275.98
1520553600,285.77,241.35,275.98,285.23
1520640000,293.94,251.49,285.23,254.35
1520726400,286.02,244.38,254.35,280.29
1520812800,286.52,249.3,280.27,257.76
1520899200,265.93,244.67,257.76,247.47
1520985600,253.09,206.55,247.47,215.34
1521072000,225.69,197.99,215.34,212.27
1521158400,215.53,207,212.4,214.62
1521244800,216.85,193.68,215.76,197.56
1521331200,209.91,175.28,197.56,209.43
1521417600,223.07,201.67,209.36,218.16
1521504000,230.78,219.45,217.48,223.73
1521590400,231.25,217.17,223.73,217.79
1521676800,224.09,203.22,218.58,213.17
1521763200,215.8,198.71,213.03,215.63
1521849600,217.57,207.37,216.07,208.61
1521936000,215.68,202.82,208.5,211.41
1522022400,203.81,194.02,211.05,195.98
1522108800,189.67,180.53,195.98,187.95
1522195200,201.14,189.92,187.95,199.47
1522281600,179.8,173.69,199.47,176.17
1522368000,181.51,163.34,176.84,172.83
1522454400,183.27,172.07,172.78,181.06
1522540800,184.06,165.9,181.06,176.76
1522627200,182.31,176.51,175.2,177.08
1522713600,189.2,183.7,177.08,188.98
1522800000,173.73,169.16,188.98,169.77
1522886400,174.45,168.54,169.77,172.14
1522972800,171.71,161.43,172.14,161.56
1523059200,170.44,167.26,161.56,169.82
1523145600,174.34,169.69,169.82,174.34
1523232000,181.4,164.65,175.79,168.04
1523318400,169.23,164.91,166.68,166.07
1523404800,170.03,165.85,166.07,169.27
1523491200,196.05,188.52,169.26,192.41
1523577600,194.16,188.31,192.41,189.5
1523664000,194.47,190.53,189.41,191.1
1523750400,205.06,199.03,191.02,201.63
1523836800,196.42,191.73,201.8,194.48
1523923200,197.64,190.67,194.48,196.22
1524009600,240.95,202.62,196.22,229.81
1524096000,239.48,226.16,229.21,238.53
1524182400,272.53,253.8,238.18,272.26
1524268800,274.24,246.72,272.26,256.46
1524355200,280.49,247.94,256.46,269.82
1524441600,286.54,274.07,269.73,283.58
1524528000,307.83,291.99,283.56,292.47
1524614400,269.05,241.27,292.53,256.09
1524700800,292.02,263.24,256.09,267.05
1524787200,258.59,246.17,267.34,250.63
1524873600,265.58,255.58,250.63,261.47
1524960000,263.02,247.59,261.42,255.68
1525046400,255.44,239.81,255.41,241.48
1525132800,241.09,231.83,241.47,239.55
1525219200,254.72,242.99,239.55,249.64
1525305600,263.51,243.33,249.64,245.28
1525392000,248.41,233.66,245.31,241.33
1525478400,245.75,240.14,241.15,240.63
1525564800,239.87,233.99,240.75,235.82
1525651200,234.73,225.16,235.8,233.32
1525737600,229.81,221.72,233.3,224.02
1525824000,233.68,223.24,224.02,227.16
1525910400,225.26,217.04,227.17,217.32
1525996800,217.07,196.37,216.96,197.08
1526083200,205.47,190.93,197.08,201.27
1526169600,213.47,206.85,202.19,208.07
1526256000,215.17,204.25,207.98,212.92
1526342400,211.41,201.83,212.92,203.52
1526428800,201.36,196.69,203.52,198.86
1526515200,196.37,190.72,198.81,190.8
1526601600,211.89,191.93,190.8,204.14
1526688000,204.99,197.07,204.14,197.82
1526774400,205.73,202.83,197.82,203.94
1526860800,201.4,196.01,203.94,198.79
1526947200,189.19,174.64,198.79,175.28
1527033600,174.06,162.8,175.28,170.83
1527120000,176.88,166.56,170.83,171.79
1527206400,170.44,164.16,171.87,164.53
1527292800,164.97,161.37,164.53,164.83
1527379200,170.51,162.04,164.9,166.39
1527465600,162.17,149.5,166.39,149.71
1527552000,167.66,155.03,149.71,157.79
1527638400,158.14,154.14,157.79,154.88
1527724800,158.82,154.47,154.88,155.82
1527811200,158.82,154.23,155.81,157.69
1527897600,167.46,159.51,157.69,162.57
1527984000,176.94,164.2,162.57,169.14
1528070400,166.12,157.94,169.14,159.97
1528156800,169.45,161.67,159.97,167.24
1528243200,168.41,164.04,167.24,164.65
1528329600,170.87,163.47,164.65,163.94
1528416000,164.07,157.66,164.1,158.35
1528502400,157.04,153.73,158.35,155.01
1528588800,139.95,132.36,155.01,139.61
1528675200,142.91,134.79,139.61,138.09
1528761600,131.86,121.17,138.09,125.24
1528848000,121.98,113.97,125.24,121.85
1528934400,136.39,124.43,121.85,132.8
1529020800,129.73,121.47,132.81,122.18
1529107200,129.09,122.65,122.11,126.68
1529193600,125.99,122.12,126.68,123.47
1529280000,129.19,124.69,123.47,127.11
1529366400,129.23,124.98,127.17,125.93
1529452800,127.45,121.97,125.99,122.65
1529539200,123.59,121.37,122.72,123.59
1529625600,111.89,107.29,123.59,110.14
1529712000,120.06,111.61,110.2,115.01
1529798400,124.08,113.8,115,121.25
1529884800,130.22,122.58,121.25,127.02
1529971200,127.8,119.39,127.02,120.49
1530057600,130.2,121.23,120.63,128.97
1530144000,128.99,114.78,128.91,116.78
1530230400,127.86,121.84,116.77,126.5
1530316800,134.86,127.45,126.5,130.58
1530403200,133.06,126.21,130.65,129.76
1530489600,142.5,133.77,129.83,140.78
1530576000,141.45,135.46,140.8,138.33
1530662400,144.12,137.93,138.24,138.65
1530748800,139.19,133.24,138.65,137.95
1530835200,140.09,131.58,137.75,133.16
1530921600,137.32,133.67,133.16,134.01
1531008000,138.17,132.6,134.01,137.57
1531094400,140.11,134.91,137.57,135.24
1531180800,129.1,120.71,135.24,120.78
1531267200,129.55,122.39,120.78,125.07
1531353600,124.88,119.38,125.07,120.69
1531440000,124.22,118.99,120.7,122.23
1531526400,123.68,121.17,122.22,123.24
1531612800,125.57,122.51,123.24,124.1
1531699200,137.17,129.62,124.1,135.49
1531785600,153.71,143.31,135.48,144.19
1531872000,147.67,138.66,144.19,139.69
1531958400,145.81,139.53,139.69,139.53
1532044800,137.22,128.71,139.6,129.66
1532131200,132.48,129.59,129.66,132.11
1532217600,132.88,127.48,132.04,127.85
1532304000,142.47,131.75,127.85,133.6
1532390400,149.95,142.14,133.6,147.35
1532476800,144.78,138.24,147.35,143.14
1532563200,140.09,135.89,143.14,136.52
1532649600,142.71,139.68,136.52,140.25
1532736000,142.64,139.84,140.25,140.01
1532822400,141,134.76,140.01,135.49
1532908800,135.89,131.47,135.49,131.8
1532995200,127.94,120.9,131.8,121.91
1533081600,130.3,119.57,121.92,128.4
1533168000,128.52,120.68,128.4,122.34
1533254400,120.76,116.68,122.34,120.02
1533340800,115.65,111.37,120.02,114.04
1533427200,117.61,113.38,114.04,117.47
1533513600,116.76,113.36,117.47,113.36
1533600000,111.61,107.71,113.35,107.77
1533686400,101.38,93.14,107.77,94.65
1533772800,104.1,98.48,94.65,100.24
1533859200,95.32,91.13,100.24,91.56
1533945600,94.57,89.58,91.62,93.08
1534032000,96.05,92.95,93.08,93.07
1534118400,94.39,87.62,93.07,87.75
1534204800,87.97,80.9,87.75,84.07
1534291200,90.66,85.08,84.13,89.28
1534377600,91.51,89.1,89.28,91.06
1534464000,102.1,94.78,91.06,99.59
1534550400,103.52,95.89,99.59,98.26
1534636800,100.72,96.88,98.26,98.7
1534723200,99.06,92.54,98.7,92.92
1534809600,97.17,93.21,92.92,95.03
1534896000,93.26,89.06,95.03,89.95
1534982400,92.53,89.98,89.95,90.04
1535068800,94.6,91.04,90.04,93.79
1535155200,96.38,92.33,93.79,92.6
1535241600,95.03,91.47,92.61,94.89
1535328000,105.81,96.68,94.89,105.46
1535414400,108.21,103.32,105.47,107.79
1535500800,108.39,102.18,107.79,103.73
1535587200,105.4,98.61,103.66,103.51
1535673600,117.56,103.86,103.51,116.44
1535760000,125.84,117.92,116.44,121.31
1535846400,125.65,117.55,121.31,120.03
1535932800,136.39,119.37,120.03,135.37
1536019200,141.58,134.5,135.37,138.11
1536105600,139.94,113.19,138.1,114.76
1536192000,118.19,109.78,114.66,117.34
1536278400,117.85,110.73,117.41,110.86
1536364800,109.56,102.24,110.88,104.1
1536451200,108.05,101.98,104.1,105.3
1536537600,108.91,104.48,105.23,105.81
1536624000,107.91,102.18,105.81,105.2
1536710400,106.34,98.23,105.2,104.06
1536796800,115.88,106.01,104.12,112.05
1536883200,116.94,110.2,112.05,116.62
1536969600,122.22,116.81,116.61,119.29
1537056000,118.93,113.99,119.3,117.04
1537142400,115.71,106.07,117.04,106.19
1537228800,112.97,105.41,106.19,112.01
1537315200,113.71,108.84,112.01,109.68
1537401600,116.2,111.32,109.61,116.07
1537488000,124.56,118.81,116.07,124.15
1537574400,124.12,119.82,124.15,122.31
1537660800,126.95,120.85,122.31,122.26
1537747200,120.94,114.55,122.26,114.88
1537833600,116.39,111.76,114.88,116.39
1537920000,117.43,113.16,116.39,115.03
1538006400,121.09,116.94,115.03,119.15
1538092800,119.7,115.85,119.08,116.98
1538179200,117.68,113.52,116.85,114.51
1538265600,116.64,114.72,114.51,115.78
1538352000,116.4,113.7,115.72,114.49
1538438400,119.29,112.04,114.49,116.48
1538524800,116.86,112.25,116.48,114.39
1538611200,116.26,113.44,114.4,114.69
1538697600,116.01,114.35,114.69,115.35
1538784000,115.32,113.35,115.35,114.86
1538870400,115.26,113.01,114.86,113.54
1538956800,115.51,113.38,113.61,114.18
1539043200,114.2,112.87,114.18,113.34
1539129600,114.31,112.01,113.34,114.12
1539216000,107.86,100.16,114.18,100.16
1539302400,103.76,100.2,100.16,100.89
1539388800,103.16,100.97,100.91,102.91
1539475200,103.39,100.51,102.91,100.63
1539561600,110.36,103.55,100.57,107.52
1539648000,108.36,105.99,107.52,108.29
1539734400,108.41,106.18,108.29,106.9
1539820800,106.61,102.59,106.93,103.69
1539907200,105.71,103.25,103.7,104.54
1539993600,105.86,104.04,104.48,104.43
1540080000,106.57,104.55,104.43,105.72
1540166400,106.45,104.83,105.72,106.39
1540252800,110.45,106.18,106.41,108.96
1540339200,109.51,106.66,108.97,106.79
1540425600,106.7,105.08,106.8,106.51
1540512000,106.54,104.54,106.51,104.8
1540598400,105.14,103.85,104.8,104.04
1540684800,105.15,102.24,104.04,104.83
1540771200,102.54,100.71,104.83,101.28
1540857600,103.15,101.07,101.28,103.03
1540944000,105.86,103.38,103.03,104.65
1541030400,105.42,103.19,104.66,104.33
1541116800,106.54,104.04,104.33,106.15
1541203200,107.95,104.76,106.15,107.06
1541289600,113.69,107.48,107.06,112.72
1541376000,112.72,109.89,112.79,112.01
1541462400,114.63,111.06,112.07,113.14
1541548800,114.07,109.83,113.14,111.53
1541635200,110.49,108.42,111.55,108.68
1541721600,108.23,105.36,108.68,106.96
1541808000,107.33,104.45,106.96,104.84
1541894400,106.82,103.04,104.84,106.82
1541980800,106.66,104.93,106.82,105.06
1542067200,105.74,103.71,105.06,104.72
1542153600,94.91,85.72,104.72,91
1542240000,90.92,84.99,90.87,88.67
1542326400,88.77,86.87,88.67,87.2
1542412800,88.71,85.43,87.21,88.43
1542499200,92.26,88.55,88.42,89.39
1542585600,76.86,70.8,89.39,72.1
1542672000,69.47,65.21,72.1,66.05
1542758400,70.5,67.56,66.05,68.62
1542844800,66.5,64.16,68.62,65.29
1542931200,66.8,64.28,65.29,66.63
1543017600,59.78,57.35,66.63,58.04
1543104000,60.54,56.1,58.04,57.94
1543190400,55.9,53.02,57.98,53.36
1543276800,58.11,53.87,53.37,57.42
1543363200,65.19,62.29,57.42,63.61
1543449600,64.3,60.57,63.61,61.26
1543536000,58.02,56.86,61.26,57.98
1543622400,61.28,59.35,57.98,59.65
1543708800,60.87,58.64,59.65,59.26
1543795200,56.02,52.92,59.26,54.55
1543881600,57.21,55.48,54.55,56.94
1543968000,53.93,51.28,56.94,51.54
1544054400,48.48,45.66,51.54,46.14
1544140800,46.62,44.4,46.14,46.59
1544227200,48.7,45.1,46.59,45.27
1544313600,48.58,46.71,45.27,47.57
1544400000,46.22,44,47.57,44.17
1544486400,43.67,42.31,44.17,42.38
1544572800,44.69,43.36,42.38,43.95
1544659200,41.84,40.55,43.95,40.88
1544745600,41.41,38.86,40.88,38.89
1544832000,39.44,37.63,38.89,38.79
1544918400,40.3,39.03,38.79,39.26
1545004800,45.49,39.11,39.64,44.18
1545091200,48.01,45.67,43.64,46.93
1545177600,48.24,45.85,46.93,46.11
1545264000,55.49,50.85,46.11,55.32
1545350400,53.18,49.79,55.32,52.05
1545436800,54.29,51.82,52.05,52.14
1545523200,53.98,51.5,52.14,53.26
1545609600,57.64,54.17,53.26,56.29
1545696000,52.92,49.05,56.29,50.93
1545782400,51.69,48.49,50.93,49.3
1545868800,46.82,43.75,49.3,44.26
1545955200,51.76,47.49,44.26,50.1
1546041600,48.45,46.82,50.1,47.65
1546128000,49.52,48.24,47.65,48.7
1546214400,47.55,45.42,48.7,46.17
1546300800,49.05,47.03,46.17,48.66
1546387200,54.66,49.35,48.66,52.68
1546473600,51.25,49.44,52.68,49.83
1546560000,51.52,50.09,49.83,50.67
1546646400,51.39,49.31,50.67,50.04
1546732800,55.76,53.01,50.04,55.47
1546819200,55.21,52.29,55.47,53.34
1546905600,54.11,52.65,53.34,53.26
1546992000,54.45,52.14,53.26,52.79
1547078400,48.27,44.2,52.79,45.19
1547164800,46.45,44.98,45.19,45.57
1547251200,45.8,44.74,45.57,45.07
1547337600,44.28,42.83,45.07,43.08
1547424000,46.3,44.89,43.08,45.89
1547510400,45.45,44.54,45.89,44.79
1547596800,46.32,44.89,44.79,46.24
1547683200,47.1,45.48,46.24,45.73
1547769600,45.6,44.8,45.73,45.02
1547856000,46.4,45.95,45.02,46.14
1547942400,44.35,43.7,46.14,43.81
1548028800,44.76,43.79,43.81,44.58
1548115200,46.29,44.88,44.58,46.03
1548201600,45.72,44.72,46.03,44.79
1548288000,46.64,45.02,44.79,45.85
1548374400,47.08,45.11,45.85,46.79
1548460800,46.97,45.53,46.79,45.75
1548547200,46.45,45.17,45.75,46.38
1548633600,45.31,43.1,46.38,43.41
1548720000,43.72,42.8,43.41,43.07
1548806400,44.52,43.34,43.07,43.93
1548892800,43.82,43.06,43.93,43.37
1548979200,44.21,43.13,43.37,43.3
1549065600,44.1,42.07,43.3,43.19
1549152000,43.5,42.33,43.19,42.71
1549238400,42.58,41.79,42.71,42.38
1549324800,43.23,42.3,42.38,43.03
1549411200,42.98,42.03,43.03,42.91
1549497600,43.37,42.56,42.91,42.87
1549584000,49.04,46.48,42.87,48.13
1549670400,48.43,47.52,48.13,48.21
1549756800,49.71,47.58,48.21,49.6
1549843200,48.64,46.55,49.6,47.67
1549929600,48.76,47.17,47.67,48.58
1550016000,50.27,48.14,48.58,48.82
1550102400,48.88,45.22,48.82,46.33
1550188800,48.08,45.92,46.33,46.9
1550275200,48.04,46.23,46.9,46.37
1550361600,47.91,46.8,46.37,47.72
1550448000,51.92,50.47,47.72,51.29
1550534400,52.66,51.25,51.29,51.76
1550620800,52.54,50.91,51.76,51.58
1550707200,51.22,49.53,51.58,49.53
1550793600,51.87,50.11,49.53,51.47
1550880000,54.1,53.19,51.47,54.02
1550966400,50.2,47.6,54.02,47.64
1551052800,48.99,48.18,47.64,48.65
1551139200,48.45,47.8,48.65,48.03
1551225600,48.99,47.85,48.03,48.92
1551312000,48.86,47.75,48.92,47.87
1551398400,48.54,47.63,47.87,48.35
1551484800,48.81,48.08,48.35,48.77
1551571200,48.91,48.11,48.77,48.87
1551657600,47.95,46.53,48.87,47.28
1551744000,49.67,48.54,47.28,49.32
1551830400,49.75,48.98,49.32,49.68
1551916800,50.67,49.66,49.68,49.97
1552003200,50.09,48.7,49.97,48.81
1552089600,50.61,49.58,48.81,49.74
1552176000,49.79,49.36,49.74,49.75
1552262400,49.4,48.47,49.75,49.17
1552348800,50.2,48.88,49.17,50.16
1552435200,50.85,49.92,50.16,50.54
1552521600,51.97,50.23,50.54,50.96
1552608000,52.27,51.13,50.96,52.15
1552694400,54.81,53.32,52.15,54.2
1552780800,53.85,52.05,54.2,52.61
1552867200,53.43,51.76,52.85,52.8
1552953600,54.41,52.72,52.49,53.92
1553040000,56.84,53.59,53.92,55.01
1553126400,54.36,52.12,55.01,52.8
1553212800,53.09,52.29,52.8,52.89
1553299200,53.22,52.33,52.89,52.61
1553385600,52.8,52.36,52.61,52.72
1553472000,51.96,50.59,52.72,51.1
1553558400,52.47,50.3,51.1,51.8
1553644800,54.26,52.8,51.8,53.41
1553731200,53.52,52.47,53.41,52.8
1553817600,54.39,53.12,52.8,53.69
1553904000,54.32,53.37,53.69,53.66
1553990400,56.76,53.18,53.66,56.14
1554076800,60.15,56.37,56.14,60.15
1554163200,72.57,65.26,60.15,69.43
1554249600,70.82,64.45,69.43,66.24
1554336000,65.45,63.14,66.24,63.92
1554422400,69.5,65.31,63.92,69.45
1554508800,70.6,66.96,69.45,68.17
1554595200,70.42,69.28,68.17,69.96
1554681600,72.79,70.41,69.96,71.26
1554768000,70.43,67.82,71.26,68.45
1554854400,72.07,69.67,68.45,70.9
1554940800,67.75,63.16,70.9,66.29
1555027200,71.6,65.91,66.29,66.06
1555113600,66.66,64.27,66.06,65.29
1555200000,67.31,65.55,65.29,66.74
1555286400,65.43,63.62,66.74,64.02
1555372800,70.06,65.84,64.02,68.6
1555459200,69.64,66.97,68.6,67.5
1555545600,69.93,68.13,67.5,69.19
1555632000,70.17,68.26,69.19,68.68
1555718400,70.25,68.23,68.68,69.72
1555804800,69.88,68.07,69.72,68.87
1555891200,70.45,68.35,68.87,68.67
1555977600,70.51,68.74,68.67,68.91
1556064000,69.05,65.67,68.91,67.8
1556150400,64.28,60.82,67.8,60.87
1556236800,63.38,60.72,60.87,61.45
1556323200,63.43,61.29,61.45,62.28
1556409600,63.11,61.32,62.33,61.48
1556496000,62.38,60.6,61.48,60.92
1556582400,63.24,62.12,60.92,62.98
1556668800,65.7,63.33,62.98,65.59
1556755200,67.22,64.14,65.59,65.13
1556841600,68.18,64.9,65.13,67.08
1556928000,68.8,66.34,67.08,68.45
1557014400,68.83,66.63,68.45,66.86
1557100800,67.94,66.05,66.86,67.48
1557187200,69.14,65.53,67.48,65.88
1557273600,68.39,67.31,65.88,68.27
1557360000,70.3,64.87,68.27,65.42
1557446400,68.86,66,65.42,68.73
1557532800,80.18,74.21,68.73,78.82
1557619200,78.01,73.54,78.82,75.71
1557705600,85.71,78.77,75.71,79.31
1557792000,83.87,80.68,79.31,83.31
1557878400,95.51,84.7,83.31,94.36
1557964800,92.28,85.67,94.36,87.09
1558051200,83.89,78.95,87.09,82.71
1558137600,82.03,79.2,82.71,79.71
1558224000,90.62,88.49,79.71,90.53
1558310400,89.58,86.7,90.53,87.9
1558396800,92.75,87.11,87.9,88.94
1558483200,88.55,82.98,88.94,83.13
1558569600,86.48,84.36,83.13,84.99
1558656000,86.92,85.32,84.99,85.64
1558742400,87.12,86.15,85.64,87.12
1558828800,95.55,90.67,87.12,92.41
1558915200,97.95,92.6,92.41,97.69
1559001600,98,95.73,97.69,95.82
1559088000,95.83,92.36,95.82,93.92
1559174400,92.61,89.55,93.92,91.78
1559260800,95.6,92.86,91.78,93.12
1559347200,93.69,92.06,93.12,93.17
1559433600,96.55,94.54,93.17,94.98
1559520000,89.75,88.04,94.98,88.85
1559606400,84.38,82.61,88.85,83.38
1559692800,86.09,84.22,83.38,84.93
1559779200,87.44,84.79,84.93,86.82
1559865600,89.15,87.07,86.82,87.95
1559952000,88.86,86.56,87.95,87.59
1560038400,84.69,83.08,87.59,83.54
1560124800,88.23,86.71,83.54,87.11
1560211200,87.96,85.74,87.11,86.62
1560297600,90.9,89.18,86.62,90.57
1560384000,92.9,89.52,90.57,89.69
1560470400,95.02,89.81,89.69,90.85
1560556800,96.59,92.17,90.85,95.26
1560643200,96.89,92.84,95.26,95.99
1560729600,99.99,97.84,95.99,98.68
1560816000,97.27,95.72,98.68,96.36
1560902400,103.57,98.19,96.36,100.42
1560988800,109.48,102.81,100.42,105.29
1561075200,116.09,109.65,105.29,109.96
1561161600,115.98,111.06,109.96,114.7
1561248000,118.55,114.86,114.7,115.4
1561334400,119.85,116.32,115.4,117.86
1561420800,125.39,111.62,117.86,111.7
1561507200,122.9,100.56,111.7,103.37
1561593600,99.08,86.2,103.37,95.03
1561680000,107.65,99.64,95.03,101.48
1561766400,99.83,93.86,101.48,99.74
1561852800,90.93,87.04,99.74,88.18
1561939200,90.27,85.14,88.18,88.69
1562025600,94.14,85.02,88.69,86.5
1562112000,97.71,89.43,86.5,90.07
1562198400,88.35,83.25,90.07,87.88
1562284800,91.02,84.89,87.88,89.52
1562371200,97.3,90.12,89.52,94.48
1562457600,107.48,95.72,94.48,107.39
1562544000,115.62,100.96,107.39,101.6
1562630400,105.22,98.53,101.6,99.58
1562716800,96.49,91.66,99.58,94.94
1562803200,92.05,87.01,94.94,89.72
1562889600,98.44,90.72,89.72,98.41
1562976000,94.81,91.31,98.41,93.65
1563062400,86.8,83.05,93.65,86.19
1563148800,91.67,81.44,86.19,88.94
1563235200,77.3,73.04,88.94,74.27
1563321600,79.7,74.65,74.27,76.89
1563408000,87.92,83,76.89,84
1563494400,85.61,82.21,84,82.36
1563580800,87.81,84.11,82.36,85.42
1563667200,87.87,83.38,85.42,84.3
1563753600,84.71,81.74,84.3,83.4
1563840000,82.49,79.44,83.4,81.01
1563926400,82.21,79.54,81.01,80.48
1564012800,81.65,79.93,80.48,80.99
1564099200,81.97,79.83,80.99,80.51
1564185600,79.26,76.89,80.51,78.92
1564272000,83.65,79.35,78.92,80.31
1564358400,80.15,77.96,80.31,78.19
1564444800,80.66,78.34,78.19,78.39
1564531200,83.63,80.48,78.39,80.66
1564617600,85.05,82.01,80.66,82.33
1564704000,84.83,83.09,82.33,84.04
1564790400,88.14,85.65,84.04,88.05
1564876800,89.69,88.05,88.05,88.18
1564963200,96.18,92.15,88.18,93.59
1565049600,92.69,89.35,93.59,89.71
1565136000,97.57,93.42,89.71,97.53
1565222400,97.79,94.12,97.53,95.44
1565308800,94.83,92.47,95.44,93.36
1565395200,90.91,88.84,93.36,90.44
1565481600,93.07,92.28,90.44,92.39
1565568000,91.34,90.73,92.39,91.18
1565654400,87.13,85.2,91.18,85.6
1565740800,80.32,77.78,85.6,78.78
1565827200,82.65,79.38,78.78,82.58
1565913600,83.27,80.64,82.58,82.4
1566000000,82.98,81.28,82.4,81.84
1566086400,87.97,82.68,81.84,87.93
1566172800,93.2,87.9,87.93,89.53
1566259200,89.62,85.04,89.53,85.93
1566345600,82.58,80.3,85.93,80.86
1566432000,82.81,80.54,80.86,81.91
1566518400,84.56,82.13,81.91,82.21
1566604800,81.42,79.11,82.21,80.72
1566691200,81.49,80.22,80.72,80.61
1566777600,82.53,79.33,80.61,79.77
1566864000,79.11,77.93,79.77,78.53
1566950400,76.39,71.99,78.53,72.1
1567036800,70.65,66.72,72.1,66.92
1567123200,68.14,67.17,66.92,68
1567209600,68.31,67.23,68,67.37
1567296000,74.73,68.3,67.37,71.69
1567382400,76.44,73.3,71.69,73.45
1567468800,76.39,74.12,73.45,74.82
1567555200,74.97,72.22,74.82,73.97
1567641600,76.18,73.7,73.97,75.89
1567728000,76.21,73.4,75.89,75.12
1567814400,78.39,75.03,75.12,78.2
1567900800,78.16,76.23,78.2,77.33
1567987200,77.29,74.42,77.33,74.93
1568073600,74.18,70.92,74.93,72.17
1568160000,75.36,71.21,72.17,74.19
1568246400,76.17,73.8,74.19,74.98
1568332800,77.17,73.45,74.98,77
1568419200,77.42,74.49,77,76.19
1568505600,76.18,73.87,76.19,75.48
1568592000,76.04,72.26,75.48,75.37
1568678400,75.47,73.42,75.37,73.86
1568764800,82.11,73.36,73.86,80.87
1568851200,82.45,75.52,80.87,76.01
1568937600,78.07,72.84,76.01,73.81
1569024000,73.54,71.92,73.81,72.46
1569110400,74.2,72.02,72.46,73.02
1569196800,70.59,68.37,73.02,68.48
1569283200,61.56,58.28,68.48,58.94
1569369600,60.44,57.46,58.94,59.66
1569456000,57.6,55.57,59.66,57.31
1569542400,59.73,57.14,57.31,57.67
1569628800,58.07,57.48,57.67,57.79
1569715200,56.76,55.18,57.79,56
1569801600,58.44,56.61,56,57.01
1569888000,57.64,55.51,57.01,55.71
1569974400,57.75,55.58,55.71,56.11
1570060800,57.79,54.91,56.11,56.28
1570147200,57.81,54.87,56.28,57.37
1570233600,57.94,55.64,57.37,56.73
1570320000,55.41,54.31,56.73,54.73
1570406400,57.6,56.08,54.73,56.27
1570492800,56.35,55.02,56.27,55.63
1570579200,58.87,56.32,55.63,57.26
1570665600,57.63,55.62,57.26,55.94
1570752000,55.26,53.36,55.94,54.03
1570838400,54.95,53.43,54.03,53.68
1570924800,53.7,52.57,53.68,53.38
1571011200,54.1,52.71,53.38,53.11
1571097600,52.97,51.74,53.11,52.14
1571184000,56.16,50.83,52.14,54.95
1571270400,60.8,55.21,54.95,55.99
1571356800,58.83,55,55.99,55.45
1571443200,55.46,53.53,55.45,54.56
1571529600,58.41,55.97,54.56,56.57
1571616000,59.67,55.91,56.57,57.66
1571702400,57.39,54.68,57.66,56.72
1571788800,54.4,51.83,56.72,53.25
1571875200,54.37,51.4,53.25,53.53
1571961600,62.6,58.85,53.53,59.05
1572048000,63.27,56.43,59.05,56.86
1572134400,60.46,57.71,56.86,59.82
1572220800,60.21,57.24,59.82,59.36
1572307200,63.22,59.18,59.36,59.76
1572393600,59.22,57.18,59.76,58.64
1572480000,59.54,57.52,58.64,59.08
1572566400,62.19,59.18,59.03,60.76
1572652800,63.48,61.11,60.81,62.24
1572739200,65.61,61.36,62.24,63.51
1572825600,65.4,62.68,63.42,63.22
1572912000,63.34,62.3,63.18,62.81
1572998400,64.74,62.78,62.81,64.05
1573084800,66.91,62.17,63.78,63.05
1573171200,60.93,59.93,63.03,60.68
1573257600,62.18,60.86,60.68,61.99
1573344000,65.13,63.46,61.99,63.81
1573430400,62.61,61.22,63.81,61.74
1573516800,67.2,61.81,61.74,62.3
1573603200,65.54,61.84,62.3,65.27
1573689600,65.38,63.66,65.27,64.92
1573776000,64.73,61.76,64.92,61.85
1573862400,62.76,61.34,61.85,61.49
1573948800,62.79,61.34,61.49,61.87
1574035200,59.87,58.33,61.87,58.44
1574121600,59.84,57.74,58.44,58.53
1574208000,58.78,57.56,58.53,57.84
1574294400,55.18,53.62,57.84,54.14
1574380800,52.2,51.05,54.14,51.14
1574467200,52.12,50.88,51.14,51.71
1574553600,49.23,47.55,51.71,47.62
1574640000,51.3,48.95,47.62,50.11
1574726400,52.24,50.06,50.11,51.29
1574812800,56.92,53.76,51.29,55.92
1574899200,56.53,53.56,55.92,54.02
1574985600,57.66,55.55,54.02,55.96
1575072000,55.05,54,55.96,55.05
1575158400,54.1,53.18,55.05,53.58
1575244800,54.65,52.73,53.58,54.09
1575331200,55.54,53.43,54.09,53.48
1575417600,54.43,52.17,53.48,52.68
1575504000,54.47,52.48,52.68,53.85
1575590400,56.47,54.27,53.85,54.27
1575676800,54.83,53.45,54.27,54.46
1575763200,55.52,53.66,54.46,53.93
1575849600,54.52,52.21,53.93,54.47
1575936000,53.81,52.43,54.47,52.76
1576022400,53.39,51.93,52.82,53.04
1576108800,54.09,52.54,52.95,52.92
1576195200,53.55,52.39,52.92,52.48
1576281600,51.66,50.89,52.48,51.35
1576368000,52.02,50.78,51.35,50.9
1576454400,49.73,48.39,50.9,49.13
1576540800,47.57,44.9,49.13,45.16
1576627200,51.03,47.83,45.16,47.89
1576713600,49.84,46.6,47.89,47.46
1576800000,47.92,46.58,47.46,46.81
1576886400,46.67,45.13,46.81,45.18
1576972800,49.49,47.17,45.18,47.41
1577059200,47.59,45.5,47.41,47.15
1577145600,47.48,45.82,47.15,45.87
1577232000,46.38,45.3,45.87,45.99
1577318400,46.26,44.95,45.99,45.34
1577404800,46.34,44.8,45.34,45.12
1577491200,45.73,45.02,45.12,45.46
1577577600,47.27,45.91,45.46,46.55
1577664000,46.19,45.3,46.55,46.09
1577750400,45.83,44.53,46.09,44.57
1577836800,45.86,44.56,44.57,45.78
1577923200,45.57,44.23,45.78,45.51
1578009600,51.9,45.93,45.98,50.97
1578096000,51.44,50.15,50.92,50.37
1578182400,53.73,50.29,50.37,53.7
1578268800,59.02,56.32,53.7,58.95
1578355200,62,56.68,58.95,58.44
1578441600,59.51,54.88,58.44,59.4
1578528000,59.04,56.21,59.4,58.72
1578614400,61.89,58.44,58.72,58.48
1578700800,63.2,56.95,58.48,58.26
1578787200,60.43,58.6,58.26,59.22
1578873600,58.73,56.95,59.22,57.8
1578960000,63.82,60.09,57.8,62.58
1579046400,69.34,62.42,62.58,68.34
1579132800,68,63.27,68.34,65.62
1579219200,71.68,65.54,65.62,68.78
1579305600,70.97,66.86,68.78,67.02
1579392000,66.47,63.64,67.02,65.16
1579478400,66.01,62.98,65.16,64.88
1579564800,67.45,65.31,64.88,65.82
1579651200,65.91,64.42,65.82,64.91
1579737600,62.97,61.32,64.91,62.5
1579824000,62.79,59.12,62.5,61.57
1579910400,62.01,60.26,61.57,61.38
1579996800,64.76,61.24,62.13,63.16
